{"cameraMode":{"drawMode":0,"name":"Shaded","section":"Shading Mode"},"sceneLighting":true,"audioPlay":false,"sceneViewState":{"showFog":true,"showMaterialUpdate":false,"showSkybox":true,"showFlares":true,"showImageEffects":true,"showParticleSystems":true},"in2DMode":false,"pivot":{"x":-15.150031089782715,"y":-6.498781681060791,"z":2.4112818241119386},"rotation":{"x":-0.16282641887664796,"y":0.647322952747345,"z":-0.14428481459617616,"w":-0.7305088043212891},"size":10.0,"orthographic":false}